-- 扩展示范数据：10+ 账户，多样化业务场景

-- 账号数据 (12条)
INSERT INTO t_demo_account (account_id, customer_name, customer_level, account_status, owner_user_id, risk_flag, last_login_time) VALUES
    ('A10001', '杭州青杉贸易有限公司', 'VIP', 'ACTIVE', 'U90001', TRUE, '2026-06-01 10:18:00'),
    ('A10002', '上海岚石设计工作室', 'STANDARD', 'ACTIVE', 'U90002', FALSE, '2026-05-29 16:42:00'),
    ('A10003', '深圳矩阵科技有限公司', 'ENTERPRISE', 'ACTIVE', 'U90003', FALSE, '2026-06-02 09:00:00'),
    ('A10004', '北京蓝图创新科技有限公司', 'ENTERPRISE', 'ACTIVE', 'U90004', TRUE, '2026-06-01 08:30:00'),
    ('A10005', '成都天域云计算有限公司', 'VIP', 'SUSPENDED', 'U90005', TRUE, '2026-05-20 03:15:00'),
    ('A10006', '广州汇智大数据有限公司', 'STANDARD', 'ACTIVE', 'U90006', FALSE, '2026-06-03 14:00:00'),
    ('A10007', '南京星辰网络科技有限公司', 'TRIAL', 'ACTIVE', 'U90007', FALSE, '2026-06-02 11:00:00'),
    ('A10008', '武汉楚天信息安全有限公司', 'VIP', 'LOCKED', 'U90008', TRUE, '2026-05-15 22:30:00'),
    ('A10009', '杭州极光人工智能有限公司', 'ENTERPRISE', 'ACTIVE', 'U90009', FALSE, '2026-06-03 07:45:00'),
    ('A10010', '西安长城通信有限公司', 'STANDARD', 'ACTIVE', 'U90010', FALSE, '2026-05-31 16:20:00'),
    ('A10011', '厦门海丝金融科技有限公司', 'VIP', 'ACTIVE', 'U90011', TRUE, '2026-06-01 13:00:00'),
    ('A10012', '重庆山城物联网有限公司', 'TRIAL', 'ACTIVE', 'U90012', FALSE, '2026-06-03 10:00:00')
ON CONFLICT (account_id) DO NOTHING;

-- 订阅数据 (12条)
INSERT INTO t_demo_subscription (id, account_id, plan_name, subscription_status, expire_time, renewal_due_amount, auto_renew_enabled) VALUES
    ('SUB10001', 'A10001', '企业专业版', 'PAST_DUE', '2026-05-18 23:59:59', 2999.00, TRUE),
    ('SUB10002', 'A10002', '团队基础版', 'ACTIVE', '2026-07-31 23:59:59', 699.00, FALSE),
    ('SUB10003', 'A10003', '企业旗舰版', 'ACTIVE', '2027-01-15 23:59:59', 5999.00, TRUE),
    ('SUB10004', 'A10004', '企业无限版', 'PAST_OUT', '2026-05-25 15:59:59', 3999.00, TRUE),
    ('SUB10005', 'A10005', '企业专业版', 'SUSPENDED', '2026-04-30 23:59:59', 2999.00, TRUE),
    ('SUB10006', 'A10006', '团队基础版', 'ACTIVE', '2026-08-15 23:59:59', 699.00, TRUE),
    ('SUB10007', 'A10007', '试用体验版', 'TRIAL', '2026-06-10 23:59:59', 0.00, FALSE),
    ('SUB10008', 'A10008', '企业专业版', 'LOCKED', '2026-09-01 23:59:59', 2999.00, TRUE),
    ('SUB10009', 'A10009', '企业旗舰版', 'ACTIVE', '2027-03-01 23:59:59', 5999.00, TRUE),
    ('SUB10010', 'A10010', '团队基础版', 'ACTIVE', '2026-06-30 23:59:59', 699.00, FALSE),
    ('SUB10011', 'A10011', '企业专业版', 'ACTIVE', '2026-12-31 23:59:59', 2999.00, TRUE),
    ('SUB10012', 'A10012', '试用体验版', 'TRIAL', '2026-06-15 23:59:59', 0.00, FALSE)
ON CONFLICT (id) DO NOTHING;

-- 支付订单 (14条)
INSERT INTO t_demo_payment_order (payment_id, account_id, pay_status, failure_reason, amount, pay_time) VALUES
    ('PAY10001', 'A10001', 'FAILED', '银行卡扣款被银行风控拒绝', 2999.00, '2026-05-20 09:12:00'),
    ('PAY10002', 'A10002', 'SUCCESS', NULL, 699.00, '2026-04-30 11:05:00'),
    ('PAY10003', 'A10003', 'SUCCESS', NULL, 5999.00, '2026-05-01 10:00:00'),
    ('PAY10004', 'A10004', 'FAILED', 'RiskEngine: 异常设备多点登录，触发自动续费风控拦截', 3999.00, '2026-05-20 09:12:00'),
    ('PAY10005', 'A10005', 'FAILED', '余额不足，银行卡余额低于2999元', 2999.00, '2026-04-28 08:00:00'),
    ('PAY10006', 'A10006', 'SUCCESS', NULL, 699.00, '2026-05-15 14:30:00'),
    ('PAY10007', 'A10007', 'SUCCESS', NULL, 0.00, '2026-06-01 00:00:00'),
    ('PAY10008', 'A10008', 'FAILED', '银行卡过期 (card expired)', 2999.00, '2026-05-01 08:00:00'),
    ('PAY10009', 'A10009', 'SUCCESS', NULL, 5999.00, '2026-05-10 09:00:00'),
    ('PAY10010', 'A10010', 'SUCCESS', NULL, 699.00, '2026-05-20 10:00:00'),
    ('PAY10011', 'A10011', 'SUCCESS', NULL, 2999.00, '2026-05-25 12:00:00'),
    ('PAY10012', 'A10012', 'SUCCESS', NULL, 0.00, '2026-06-01 00:00:00'),
    ('PAY10013', 'A10001', 'REFUNDED', '客户申请退款', 2999.00, '2026-03-15 10:00:00'),
    ('PAY10014', 'A10003', 'PENDING', NULL, 5999.00, NULL)
ON CONFLICT (payment_id) DO NOTHING;

-- 工单 (14条，覆盖多种业务场景)
INSERT INTO t_demo_ticket (ticket_id, account_id, ticket_status, ticket_category, priority, subject, description, assigned_team, latest_note, create_time, update_time) VALUES
    -- VIP续费异常 (已有)
    ('T20260520001', 'A10001', 'OPEN', '续费失败', 'P1', 'VIP客户投诉续费失败', '客户反馈企业专业版续费失败，担心业务中断，要求尽快给出处理建议。', '售后支持', '已确认最近一次自动扣款失败，待核对扣款渠道。', '2026-05-20 09:25:00', '2026-06-01 10:20:00'),
    ('T20260520002', 'A10002', 'RESOLVED', '账号咨询', 'P3', '用户咨询账户续费状态', '用户对账户订阅状态有疑问，希望确认是否会影响团队成员使用。', '客户成功', '已确认订阅正常', '2026-05-20 13:10:00', '2026-05-21 09:00:00'),
    -- 权限异常
    ('T20260601001', 'A10003', 'OPEN', '权限异常', 'P1', '研发团队集体无法访问项目模块', '今早9点起，50人研发团队约30人无法访问 DevOps 模块，提示403无权限。已确认账号状态正常，非过期问题。', '技术支持', '初步判断为RBAC策略误配，正检查角色绑定记录。', '2026-06-01 09:30:00', '2026-06-01 11:00:00'),
    -- 续费风控 (已有)
    ('T20260526001', 'A10004', 'PROCESSING', '续费失败', 'P1', 'VIP客户续费失败-风控拦截', '客户反馈自动续费失败，团队无法使用系统。确认支付被风控拦截。', '售后支持', '已确认上游支付网关返回风控拒绝，正协调合规部门加白。', '2026-05-26 14:00:00', '2026-06-03 10:00:00'),
    -- 账号被盗
    ('T20260602001', 'A10008', 'OPEN', '安全事件', 'P0', '账号疑遭黑客入侵-紧急冻结', '凌晨发现大量异常API调用，疑似账号凭证泄露。已触发自动冻结，需安全团队介入分析攻击来源。', '安全响应', '已冻结账号，正在分析访问日志，初步发现来自境外IP的异常登录。', '2026-06-02 03:30:00', '2026-06-02 08:00:00'),
    -- 试用到期
    ('T20260603001', 'A10007', 'OPEN', '订阅咨询', 'P2', '试用期即将到期-咨询升级方案', '试用体验版还剩7天到期，团队评价良好，希望了解升级到团队基础版或企业版的费用和流程。', '客户成功', '客户已预约demo，需提供详细升级方案对比。', '2026-06-03 09:00:00', '2026-06-03 09:30:00'),
    -- 账单争议
    ('T20260603002', 'A10005', 'OPEN', '账单争议', 'P1', '客户投诉账单金额异常', '客户称本月账单显示扣费2999元，但账户已暂停服务，要求解释并退款。', '财务结算', '已查支付记录，扣费失败但计费系统仍生成了账单，需修正。', '2026-06-03 10:00:00', '2026-06-03 11:00:00'),
    -- 数据导出
    ('T20260603003', 'A10009', 'OPEN', '合规请求', 'P2', 'GDPR数据导出请求', '客户依据GDPR第20条要求导出全部数据处理记录，包括账号信息、使用日志、模型推理记录。', '法务合规', '已收到正式书面请求，需在30日内完成数据打包。', '2026-06-03 11:00:00', '2026-06-03 12:00:00'),
    -- 降级咨询
    ('T20260603004', 'A10010', 'OPEN', '订阅变更', 'P3', '客户申请从团队版降级为个人版', '客户称团队规模缩小，希望下个计费周期降级为个人版（199元/月），咨询流程和影响。', '客户成功', '已告知降级后功能差异，客户确认下周期降级。', '2026-06-03 13:00:00', '2026-06-03 14:00:00'),
    -- SLA投诉
    ('T20260603005', 'A10011', 'OPEN', '客户投诉', 'P1', 'VIP客户SLA超时投诉', '客户3天前提交的工单至今未响应，VIP SLA承诺2小时内响应。要求赔偿并升级处理。', '客户成功', '确认为工单系统路由异常，已手动转派，需向客户道歉并补偿。', '2026-06-01 08:00:00', '2026-06-03 15:00:00'),
    -- 试用到期
    ('T20260603006', 'A10012', 'OPEN', '订阅咨询', 'P3', '试用版功能咨询', '试用版部分高级功能（API调用、自定义报表）无法使用，咨询是否试用版限制。', '客户成功', '已确认是试用版限制，客户考虑升级。', '2026-06-03 14:00:00', '2026-06-03 14:30:00'),
    -- 第二支付失败场景
    ('T20260603007', 'A10001', 'OPEN', '支付失败', 'P2', '银行卡过期导致扣费失败', 'VIP客户续费时提示银行卡已过期，需更新支付方式。', '财务结算', '已发送更新支付方式指引，等待客户操作。', '2026-06-03 08:00:00', '2026-06-03 09:00:00'),
    -- 权限问题 (A10003补充)
    ('T20260603008', 'A10003', 'PROCESSING', '权限异常', 'P2', '新员工入职后无法访问项目看板', '新入职3名工程师在入职流程完成后仍无法访问Jira项目看板，疑似角色自动分配失败。', '技术支持', '检查发现LDAP同步延迟，已手动触发同步，预计30分钟生效。', '2026-06-03 16:00:00', '2026-06-03 16:30:00'),
    -- 订阅信息
    ('T20260603009', 'A10004', 'OPEN', '订阅查询', 'P3', '客户咨询企业版到期时间', '客户希望确认当前企业版的到期时间和自动续费状态。', '客户成功', '已提供订阅详情页面链接。', '2026-06-03 15:00:00', '2026-06-03 15:15:00')
ON CONFLICT (ticket_id) DO NOTHING;
